{
    "timestamp": "2026-03-06T06:54:30.562558",
    "summary": {
        "gmv": 271.48,
        "fees": 57.459999999999994,
        "ads": 14.68,
        "net": 199.34000000000003
    },
    "orders": [
        {
            "ID": 2000015422097118,
            "Status": "paid",
            "Valor": 67.87,
            "Taxas_ML": 14.34,
            "Itens": [
                "1x Moletom Masculino Z\u00edper Hugo Jobs Blusa Aberta Com Capuz (R$ 67.87)"
            ]
        },
        {
            "ID": 2000015422570916,
            "Status": "paid",
            "Valor": 67.87,
            "Taxas_ML": 14.34,
            "Itens": [
                "1x Moletom Masculino Z\u00edper Hugo Jobs Blusa Aberta Com Capuz (R$ 67.87)"
            ]
        },
        {
            "ID": 2000015422571288,
            "Status": "paid",
            "Valor": 67.87,
            "Taxas_ML": 14.34,
            "Itens": [
                "1x Moletom Masculino Z\u00edper Hugo Jobs Blusa Aberta Com Capuz (R$ 67.87)"
            ]
        },
        {
            "ID": 2000015422602838,
            "Status": "paid",
            "Valor": 67.87,
            "Taxas_ML": 14.440000000000001,
            "Itens": [
                "1x Moletom Masculino Z\u00edper Hugo Jobs Blusa Aberta Com Capuz (R$ 67.87)"
            ]
        }
    ]
}